Nom_station,Capacite_station
Emeriau - Beaugrenelle,74
Grenelle - Dr Finlay,71
Censier - Santeuil,69
Gare de Lyon - Roland Barthes,68
Jean de la Fontaine - Boulainvilliers,68
Fabre d'Eglantine - Place de la Nation,68
Cambronne - Mademoiselle,67
Macdonald - Césaria Evora,67
Place du Palais Royal,67
Malesherbes - Place de la Madeleine,67
Porte de Charenton,67
Gare Montparnasse - Vaugirard,66
Saint-Placide - Cherche Midi,66
Bercy.,66
Route de Sèvres - Porte de Bagatelle,66
François Truffaut - Saint Emilion,66
Parc André Citroën,65
Musée d'Orsay,65
Rocher - Laborde,65
Constantine - Université,65
Joseph Liouville - Croix Nivert,64
Hôpital Européen Georges Pompidou,64
Jean Macé - Faidherbe,63
Regnault - Patay,63
Epée de Bois - Mouffetard,63
Assemblée Nationale,63
Place Adolphe Cherioux - Vaugirard,63
Place Lafayette,62
Cambronne - Villa Croix Nivert,62
Grande Armée - Brunel,62
Sèvres - Lecourbe,62
René Boulanger - Lancry,62
Mozart - Jasmin,62
Bastille - Biscornet,62
Gare Rer de Fontenay sous Bois,61
Jourdan - Stade Charléty,60
Bourdonnais - Tour Eiffel,60
Lobau - Hôtel de Ville,60
Square Boucicaut,60
Granges aux Belles - Hôpital Saint-Louis,60
M.- A. Lagroua Weill-Hallé -  F. Dolto,60
Gare de Lyon - Place Louis Armand,60
Auguste Blanqui - Glacière,60
Porte Molitor,60
Alibert - Jemmapes,60
Place du Président Salvador Allende,60
Cité de la Musique,60
Bois de Vincennes.,60
Alexandre Dumas - Voltaire,59
Gare de l'Est - Chateau Landon,59
Place de la Porte de Châtillon,59
Square Cambronne,59
Place de la Reine Astrid,58
Félix Faure - Lourmel,58
Cimetière de Montrouge,58
Jules Ferry - Faubourg du Temple Paris,58
Richard Lenoir - Republique,58
Surcouf - Université,58
Filles Saint-Thomas - Place de la Bourse,58
Quai Panhard et Levassor,57
François Debergue - Croix de Chavaux,57
Claude Debussy - Marc Bloch,56
Porte de Clignancourt.,56
Dutot - Place Alleray,56
Crimée - Ourcq,56
Fragonard - Porte de Clichy,56
Ménilmontant - Père Lachaise,56
Place Marcel Sembat,56
Terroirs de France - Lheureux,55
Porte d'Aubervilliers,55
René Coty - Parc Montsouris,55
Mézières - Rennes,55
Dugommier,55
Gare d'Austerlitz - Pont Charles de Gaulle,55
Marseille - Beaurepaire,55
Parvis Corentin Celton,55
Place de Barcelone - Mirabeau,55
André Mazet - Saint-André des Arts,55
Mathis - Flandre,55
Lacépède - Linné,54
Hector Malot - Daumesnil,54
Vasco de Gama,54
Taitbout - La Fayette,53
Delphine Seyrig - Général Leclerc,53
Théâtre - Lourmel,53
Rond-Point Rhin et Danube,53
Brochant - Clichy,53
Lakanal - Commerce,53
Richard Lenoir - Place de la Bastille,53
Pau Casals - Neuve Tolbiac,53
Mairie d'Ivry-sur-Seine,53
Guy Môquet - Saint-Ouen,53
Place d'Italie - Soeur Rosalie,52
Raspail - Bac,52
Pont de Suresnes,52
Square Raymond Souplex,52
Adolphe Pinard - Victor Hugo,52
Parmentier - Abel Rabaud,52
Château de Vincennes,52
Morillons - Dantzig,52
Roquette - Folie Regnault,52
Porte Maillot - Pereire,52
Parc Suzanne Lenglen,52
Molitor - Michel-Ange,52
Mairie de Montreuil,52
Gare RER de Vincennes,51
Emeriau - Place de Brazzaville,51
Bois de Vincennes - Polygone,51
Beaumarchais - Saint-Gilles,51
Gare de Lyon - Van Gogh,51
Gravelle - Route du Bac,51
Place Ginette Hamelin,51
Gare SNCF Vanves-Malakoff,51
Dunois - Clisson,51
Mairie du 11ème,51
Mairie de Clichy,51
Cauchy - Cévennes,51
Pitié-Salpêtrière,51
Place Jean-Spire-Lemaître,50
Schoelcher - Raspail,50
Square du Théâtre du Garde-Chasse,50
Buzenval - Avron,50
Champeaux - Gallieni,50
Route de la Muette - Porte de Neuilly,50
Pyramide - Parc Floral,50
Maine - Jean Zay,50
Bois de Vincennes - Gare,50
Porte d'Ivry,50
Anatole France - Louise Michel,50
Dom-Pérignon - Gravelle,50
Belleville - Couronnes,50
Professeur René Leriche - Général Leclerc,50
Place du Docteur Yersin,50
Pont de Levallois-bécon,50
Hôpital Pitié Salpêtrière,50
Grands Moulins de Pantin,50
Sorbonne - Ecoles,50
Lac Daumesnil - Saint-Maurice,50
Parmentier - République,50
Pirogues de Bercy - Libourne,49
Boutroux - Porte de Vitry,49
Charles de Gaulle - Beauté,49
Montparnasse -  Square Ozanam,49
Charles Delescluze,49
Gare RER les Ardoines,49
Pascal - Claude Bernard,49
Grand Prieuré - Crussol,49
Edouard Vaillant - Galliéni,49
Jean Bleuzen - Square du 11 Novembre,49
Rond-Point de la Chapelle,49
Gare du Nord - Hôpital Lariboisière,49
Exelmans - Versailles,49
Raspail - Chomel,49
Paris - Désiré Préaux,49
Place de Lévis,48
Bruneseau - Quai d'Ivry,48
Porte d'Orléans,48
Cours de Vincennes - Davout,48
Hôtel de Ville de Saint-Ouen,48
Bordier - Félix Faure,48
Metz - Faubourg Saint-Denis,48
Villette - Belleville,48
Tremblay - Lac des Minimes,48
Convention - Vaugirard,48
Pereire - Ternes,48
Philippe-Auguste,48
Le Brun - Gobelins,48
Parmentier - Fontaine au Roi,48
Jean-Pierre Timbaud - Vaucouleurs,47
Alésia - Suisses,47
Dupleix - du Guesclin,47
Place de la Nation - Taillebourg,47
Pajol - Riquet,47
Charonne - Bureau,47
Batignolles - Place de Clichy,47
Maison de Radio - France,47
Mairie des Lilas,47
Varenne,47
Croix Nivert - Square Saint-Lambert,47
Place des Ternes.,46
Suffren - Pérignon,46
Saint-Maur - Roquette,46
Versailles - Claude Terrasse,46
Lecourbe - Convention,46
Cardinal Lavigerie,46
Place de la Gare,46
Marcel Monge - Marcel Dassault,46
Edgar Quinet - Raspail,46
Pereire - Place de Wagram,46
Place Albert Kahn,46
Regard - Rennes,46
Le Corbusier - Jean Jaurès,46
Lucien Sampaix - Récollets,46
Cordelières - Arago,46
Place du Maréchal Juin - Péreire,46
Harpe - Saint-Germain,45
Gare Saint-Lazare - Cour du Havre,45
Gare de Lyon - Chalon,45
Cours de Vincennes - Soult,45
Centenaire - Sorins,45
Javel - André Citroën,45
Fontainebleau - Edmond Michelet,45
Jacques Kellner - Saint-Ouen,45
Boulard - Daguerre,45
Avenir,45
Plantes - Moulin Vert,45
Place du Moulin de Javel,45
Square Denise Buisson,45
Alexandre Dumas - Place de la Réunion,45
St-Ouen - Lamarck,45
Gare RER - Canadiens,45
Temple - Charlot,45
Chemin Vert - Saint-Maur,45
Cléry - Montmartre,44
Eugène Oudiné - Dessous Des Berges,44
Commerce - Letellier,44
Picpus - Louis Braille,44
Batignolles - Beudant,44
Félix Faure - Convention,44
Faidherbe - Dahomey,44
Choiseul - Quatre Septembre,44
Mairie du 4ème,44
Diderot - Reuilly,44
Leredde - Tolbiac,44
Gare Saint-Lazare - Place de Budapest,44
Caulaincourt - Place Constantin Pecqueur,44
Ramponeau - Belleville,44
Stade de France,44
Jean Jaurès - Salvador Allende,43
Place Etienne Pernet,43
Place Jacques et Thérèse Tréfouël,43
Lampes,43
Place Mireille Havet,43
Boulets - Faubourg Saint-Antoine,43
Cambrai - Benjamin Constant,43
Gare de Laplace,43
Square Saint-Ambroise,43
Froment - Bréguet,43
Parmentier - Hôpital Saint-Louis,43
Gare de Nanterre Ville,43
Gare Montparnasse - Arrivée,43
Cimetière de Montmartre,43
Petit Palais,43
Paul Klee - Place Augusta Holmes,43
Rottembourg - Général Michel Bizot,43
Saint-Denis - Rivoli,43
Hippodrome Paris-Vincennes,42
Belleville - Pyrénées,42
Bourg l'Abbé - Saint-Martin,42
Stalingrad - Désiré Chevalier,42
Flandrin - Longchamp,42
Saint-François-Xavier,42
Emile Zola - Fondary,42
BNF - Bibliothèque Nationale de France,42
Raffet - Montmorency,42
Reuilly - Place Felix Eboue,42
Centquatre,42
Place Madeleine Daniélou,42
Ceinture du Lac Inferieure - Saint-Cloud,42
Duroc - Place de Breteuil,42
Place Tony de Graaff,42
Porte de Saint-Ouen - Bessières,42
Belleville - Télégraphe,41
Custine - Ramey,41
Jean Moulin - Place Victor et Hélène Basch,41
Champ de Mars - Cler,41
Mairie d'Issy,41
Victor Hugo - La Pompe,41
Gare d'Argenteuil,40
Legendre - Clichy,40
Square Georges Melies,40
Jouffroy d'Abbans - Wagram,40
La Motte-Picquet - La Tour Maubourg,40
Porte de Clignancourt - Ney,40
Pyrénées - Emmery,40
Longchamp - Place d'Iéna,40
Mairie du 18ème,40
Jussieu - Guy de la Brosse,40
Place d'Italie - Vincent Auriol,40
Ménilmontant - Oberkampf,40
Gare de l'Est - Place du 11 Novembre 1918,40
Wilson - Landy,40
Duméril - Jeanne d'Arc,40
Place de la Porte de Paris,40
Glacière - Soeur Catherine Marie,40
Adolphe Lalyre - Armand Silvestre,40
Jonquière - Docteur Paul Brousse,40
Cimetière de Boulogne-Billancourt,40
Gobelins - Port-Royal,40
Auguste Cain - Jean Moulin,40
Porte de Clichy - Place des Nations Unies,40
Institut du Monde Arabe - Saint-Germain,40
Daumesnil - Hébrard,40
Cesaria Evora - Rosa Parks,40
Place de Verdun,40
Place aux Étoiles,40
Gare RER de Saint-Denis,40
Stade Georges Carpentier,40
Hôpital Necker,40
Enfants du Paradis - Peupliers,40
Caire - Dussoubs,40
Cambon - Rivoli,40
Barbès - Monique Maunoury,40
Mouton Duvernet - Général Leclerc,39
Paul Barruel - Vaugirard,39
Jacquard - Ternaux,39
Lucien Bossoutrot - Général Martial Vallin,39
Odessa - Départ,39
Panthéon - Valette,39
Emile Blemont - Poteau,39
Gare Montparnasse - René Mouchotte,39
Pajol - Place Herbert,39
Taitbout - Châteaudun,39
Belfort - Voltaire,39
Jourdan - Cité Universitaire,39
Vivienne - Montmartre,39
Jussieu - Fossés Saint-Bernard,39
Place Mongolfier,39
Belidor - Gouvion-Saint-Cyr,39
Porte des Lilas - Faidherbe,39
Saint-Mandé - Docteur Arnold Netter,39
Place du Canada,39
Saint-Lazare - Place d'Estienne d'Orves,39
Paul Vaillant Couturier - Chaptal,39
Hôtel de Ville de Nanterre,38
Faubourg Du Temple - Republique,38
Santé - Arago,38
Romainville - Vaillant-Couturier,38
Sablons - Georges Mandel,38
Vincennes - Douy-Delcupe,38
Diane Arbus,38
Place Joffre - Frédéric le Play,38
Indre - Prairies,38
Pergolèse - Malakoff,38
Guillaume Bertrand - République,38
Place Saint-Ferdinand,38
Monceau - Malesherbes,38
Saint-Maur - République,38
Général Michel Bizot - Claude Decaen,38
Pelée - Alphonse Baudin,38
Murat - Porte de Saint-Cloud,38
Cherche-Midi - Hôpital Necker,38
Place Amédée Gordini - Lefebvre,38
Saint-Ambroise - Parmentier,38
Ledru-Rollin - Place du Père Chaillet,37
LCL Campus - Place Oscar Niemeyer,37
Place des Marseillais,37
Place Valhubert,37
Mutualité,37
Reims - Raymond Pitet,37
Chernoviz - Raynouard,37
René Binet - Porte de Montmartre,37
Française - Etienne Marcel,37
Place Saint-André des Arts,37
Joseph Dijon - Ornano,37
Herschel - Observatoire,37
Saint-Marc - Feydeau,37
Roquépine - Malesherbes,37
Gaston Tessier - Rosa Parks RER,37
Place Charles Michels,37
Cadix - Hameau,37
Louis Blanc - Aqueduc,37
Pierre Demours - Laugier,37
Quatre Vents - Carrefour de l'Odéon,37
Gare RER - Maurice Grandcoing,37
Marcadet - Barbès,37
Berthier - Place Stuart Merril,37
Franquet - Labrouste,37
République - Louis Loucheur,37
Danielle Casanova - Place Vendôme,37
Guersant - Gouvion-Saint-Cyr,36
Faubourg Poissonniere - Delta,36
Fernand Braudel - Vincent Auriol,36
Butte aux Cailles - Esperance,36
Place de la Nation - Charonne,36
Perle - Vieille du Temple,36
Gergovie - Alésia,36
Matignon - Faubourg Saint-Honoré,36
Place Jeanne d'Arc,36
Stephenson - Doudeauville,36
Guynemer - Jardin du Luxembourg,36
Commandant Charcot - Bretteville,36
Gare de Courbevoie,36
Temple - Jean-Pierre Timbaud,36
Paul Vaillant-Couturier - Victor Hugo,36
Reuilly - Daumesnil,36
Gabriel Lamé,36
11 Novembre 1918 - 8 Mai 1945,36
René Coty - Place Denfert-Rochereau,36
Tombe Issoire - René Coty,36
Richard Lenoir - Jean-Pierre Timbaud,36
Amaury Duval - Gabriel Péri,36
Place de la Nation - Picpus,36
Ecoles - Carmes,36
Convention - Lourmel,36
Guy Môquet - Compoint,36
Jean Colly - Tolbiac,36
Hôtel de Ville - Pont-Marie,36
Place de la Porte de Passy,36
Bienfaisance - Place de Narvik,36
Porte de la Muette,36
Bara - Henri Farman,36
Balard - Montagne de la Fage,36
Porte d'Asnières,36
Olympiades,36
Carrefour Pleyel,36
Mathurins - Auber,36
Porte Dorée,36
Ecole Vétérinaire,36
Gare Rosny-Bois-Perrier,36
Square Louise Michel,36
Bagnolet - Orteaux,36
Saint-Amand - Labrouste,36
Navier - Epinettes,36
Lucie Aubrac - Franklin,36
Ordener - Poissonniers,35
Ruisseau - Ordener,35
Place Aristide Briand,35
Rouget de Lisle,35
Saint-Mande - Picpus,35
Chevaleret - Louise Weiss,35
Jean Jaurès - Place du Dr Roux,35
Grenelle - Violet,35
Vaneau - Sèvres,35
Faubourg Montmartre - La Fayette,35
Froidevaux - Boulard,35
Berri - Haussmann,35
Place du Cornillon - Stade de France,35
Didot - Mariniers,35
Le Goff - Gay-Lussac,35
Paix - Verdun,35
Place Jean Delay,35
Gare de Bercy,35
Paul Signac - Aristide Briand,35
Clignancourt - Ordener,35
Chazelles - Courcelles,35
Saint-Fiacre - Poissonière,35
Concorde - Stalingrad,35
Mairie du 16ème,35
Place de la Bastille - Bourdon,35
Miromesnil - La Boétie,35
Charenton - Place du Col Bourgoin,35
Bois de Vincennes - Porte Jaune,35
Résistance - Parmentier,35
Assas - Vaugirard,35
Porte de la Plaine,35
Paul Valery - Victor Hugo,35
Place de la Division Leclerc,35
Charonne - Alexandre Dumas,35
Porte Saint-Martin,35
Pierre Lefaucheux - Traversière,35
Benjamin Godard - Victor Hugo,35
Marignan - Champs-Elysées,35
Place du Front Populaire - George Sand,35
Parc Roger Salengro,35
Place des Larris,34
Pyramide - Ecole du Breuil,34
Victor Hugo - Magasins Généraux,34
Francoeur - Caulaincourt,34
Victor Hugo - Galliéni,34
Volontaires - Vaugirard,34
Laumière - Petit,34
Place François Mitterand,34
Croulebarde - Corvisart,34
Gare de Pont-Cardinet,34
Hôtel de Ville de Fontenay-aux-Roses,34
Sorbier - Gasnier-Guy,34
Charonne - Faubourg Saint-Antoine,34
Ferrus - Saint-Jacques,34
La Motte-Picquet - Grenelle,34
Madeleine Vionnet,34
Louis Xavier de Ricard - Ancienne Mairie,34
Jouffroy d'Abbans - Villiers,34
Square René Viviani - Montebello,34
Paul Doumer - La Tour,34
Claude Vellefaux - Sambre et Meuse,34
Traversière - Ledru-Rollin,34
Keller - La Roquette,34
Montreuil - Voltaire,34
Saint-Vincent - Verdun,34
Primo Levi - Frigos,34
Paul Bodin - Clichy,34
Bercy - Villot,34
Sommerard - Saint-Jacques,34
Belliard - Damrémont,34
Chartres - La Charbonnière,34
Molitor - Chardon-Lagache,34
Henri Barbusse - Bourguignons,34
Saint-Mandé - Fabre d'Eglantine,34
Félix Faure - Sadi Carnot,33
Château - Place de Catalogne,33
Sahel - Général Michel Bizot,33
Porte d'Auteuil,33
Charenton - Wattignies,33
Sèvres Rive Gauche,33
Pierre Sarrazin - Saint-Michel,33
Sainte-Elisabeth - Turbigo,33
Jean Mermoz - Champs-Elysées,33
Lisbonne - Monceau,33
Rossini - Laffitte,33
Repos - Cimetière du Père Lachaise,33
Place Jacques Bonsergent,33
Square Léon,33
Madagascar - Meuniers,33
Louis le Grand - Italiens,33
Dantzig - Lefebvre,33
Faustin Hélie - Desbordes-Valmore,33
Porte de Vincennes,33
Saint-Fargeau - Mortier,33
Edith Cavell - Volta,33
Tristan Tzara -  Tchaïkovski,33
Porte de Pantin.,33
Gouthière - Poterne des Peupliers,33
Metz - Marne,33
Porte de Bagnolet,33
Pasteur - Cotentin,33
Octave Gréard - Tour Eiffel,33
Hautpoul - Jean Jaurès,33
Bachaumont - Montmartre,33
Galilée - Kléber,33
Hoche - Tilsitt,33
Gare Montparnasse - Edgar Quinet,33
Bobillot - Tolbiac,33
Alfred de Vigny - Place du Général Brocard,33
Etienne Dolet - Place Maurice Chevalier,33
Boétie - Ponthieu,33
Laffitte - Italiens,33
Gambetta - Michelet,33
Charles de Gaulle - Plateau de Vanves,33
Bessières - Porte de Clichy,33
Grande Truanderie - Saint-Denis,33
Sénat - Condé,33
Parc de Sceaux - Centre-Ville,33
Jardin d'Acclimatation,33
Vistule - Choisy,33
Hôpital Robert Debré,33
Place Fernand Forest,33
Bréguet - Sabin,33
Etienne Jodelle - Saint Ouen,33
Passy - Place du Costa Rica,33
Nationale - Vincent Auriol,33
Exelmans - Michel-Ange,33
Square d'Anvers,33
Toqueville - Cardinet,33
Bir Hakeim,33
Mairie de Clamart,33
Verdier - Jean Jaurès,33
Youri Gagarine - Commune de Paris,33
Championnet - Vauvenargues,33
Assas - Luxembourg,33
Place Marcel Cachin,32
Belleville - Porte des Lilas,32
Victor Hugo - Paul Eluard,32
Pernety - Raymond Losserand,32
Marceau - Président Wilson,32
Gare de l'Est - Faubourg-Saint-Martin,32
Bertie Albrecht - Hoche,32
Gare Saint-Lazare - Stockholm,32
Marché d'Auteuil,32
Mairie du 15ème,32
Clichy - Douai,32
Mairie du 14ème,32
Leibniz - Jean Dollfus,32
Raspail - Manufacture des Oeillets,32
Saint-Denis - Réaumur,32
Quai Voltaire,32
Chancé Milly - Cimetière Communal Sud,32
Colmar - Victor Hugo,32
Les Halles - Saint-Eustache,32
Gare de Nogent-le-Perreux,32
République - Henri Barbusse,32
Place Charles Digeon,32
Jean Monnet - Iles,32
Claude Vellefaux - Hôpital Saint-Louis,32
Pereire - Saussure,32
Cloître Saint-Merri - Renard,32
Pierre Charron - Champs-Elysées,32
Porte de Vanves,32
Calmette,32
Cartier Bresson - Denis Papin,32
Lamartine - Faubourg Montmartre,32
Blaise-Desgoffe - Vaugirard,32
Porte de Saint Cloud - Parc des Princes,32
Redoute - Les Courtilles,32
Marie-Georges Picquart - Pereire,32
Hôtel de Ville de Sèvres,32
Pyrénées - Avron,32
Assas - Rennes,32
Greneta - Sebastopol,32
Charonne - Philippe-Auguste,32
Mairie du 3ème,32
Ledru-Rollin - Charonne,32
Place de Rungis,32
Hélène et François Missoffe - Emile Borel,32
Victor Cresson - Telles de la Poterie,31
Rapp - Place du Général Gouraud,31
Mairie de Neuilly sur Seine,31
Alexander Fleming - Belvédère,31
Gare Routière de Saint Cloud,31
Charenton - Jardiniers,31
Turbigo - Réaumur,31
Lagny - Joffre,31
Vladimir Ilitch Lénine - Andrée Chedid,31
Place Henri Dunant - Gare RER,31
Bellefond - Maubeuge,31
Louis Pasteur - Albert Petit,31
Paradis - Hauteville,31
Place du Maquis du Vercors,31
Waldeck Rochet - Germaine Tillon,31
Saint-Augustin,31
Saint-Germain - Thenard,31
François 1er - Lincoln,31
Brochant - Square des Batignolles,31
Malakoff - Place de la Porte Maillot,31
André Karman - République,31
Volontaire - Lecourbe,31
Arcole - Notre-Dame,31
Crevaux - Bugeaud,31
Courcelles - Place des Ternes,31
Amédée Huon - Fort d'Ivry,31
Estienne d'Orves - Henri Ginoux,31
Jean Jaurès - Reine,31
Louis Blanc - Jemmapes,31
Molière - République,30
Charles Lecocq - Lecourbe,30
Sèvres - Général Leclerc,30
Mairie de Rosny-sous-Bois,30
Gare RER,30
Chabanais - Petits Champs,30
Paris - Emile Zola,30
Hôtel de Ville d'Asnières sur Seine,30
Suresnes - Muette à Neuilly,30
Gare de Robinson,30
Bercy - Traversiére,30
Parc Pierre Lagravère,30
Louis Ganne - Davout,30
Quai Jules Guesde - Saint-Simon,30
Euryale Dehaynin - Loire,30
Saint-Séverin - Saint-Michel,30
Rougemont - Poissonnière,30
Bleue - Trévise,30
Marcel Yol - Jullien,30
Quai de la Gare - Pont de Bercy,30
Bas - Gabriel Péri,30
Jourdan - Monticelli,30
Quai de l'Oise - Aisne,30
Square Claude Bernard,30
Amelot - Saint-Sébastien,30
Docteur Calmette - Martre,30
Charles Gide - Fort de Bicêtre,30
Maurice d'Ocagne - General Maudhuy,30
Place Jean Mermoz,30
Square Edmond Pépin,30
Faubourg Poissonnière - Dunkerque,30
Henri Ravera - Gabriel Péri,30
De Toqueville - Terrasse,30
Gare RER de Gentilly,30
Edouard Poisson - Victor Hugo,30
Square Alban Satragne,30
Place du 8 mai 1945,30
Jacquier - Didot,30
Hôtel de Ville d'Argenteuil,30
Gustave Eiffel - Parc des Impressionnistes,30
Benoît Frachon - République,30
Place du Lieutenant Henri Karcher,30
Adrien Lesesne - Docteur Bauer,30
Mairie du 12ème,30
Lucie Aubrac - Fort,30
Théophile Gautier - François Millet,30
Evariste Galois,30
Jonquoy - Didot,30
Bézout - Général Leclerc,30
Jean Jaurès - Presles,30
Georges Bernanos - Port Royal,30
Landy - Heurtault,30
Flandre - Ourcq,30
8 Mai 1945 - 10 Juillet 1940,30
Gare du Nord - Demarquay,30
Charles Tillon - Cimetière Communal,30
Place de l'Eglise - Pantin,30
Jessaint - Marx Dormoy,30
République - Auguste Perret,30
Place de l'Insurrection d'Août 1944,30
Bichat - Grange aux Belles,30
Edouard Tremblay - Julian Grimau,30
Proudhon - Président Wilson,30
Parc Départemental des Hautes-Bruyères,30
Legendre - Nollet,30
André Theuriet - Blagis,30
Balzac - Champs Elysées,30
Dora Maar - Nadia Guendouz,30
Garibaldi - Gabriel Péri,30
Jules Guesde - Pont du Port à l'Anglais,30
Gaston Roussel - Commune de Paris,30
Damrémont - Ordener,30
Buffon - Jardin des Plantes,30
Jean Marin Naudin - Stalingrad,30
Place de l'Édit de Nantes,30
Richard Wallace - Place du 8 Mai 1945,30
Cité des Sciences et de l'Industrie,30
Place Nelson Mandela,30
Quai du Président Roosevelt - Pont Aval,30
Guy Môquet - Parvis Georges Marchais,30
Hippodrome de Longchamp,30
Guy Môquet - Jean Moulin,30
Place Violet,30
Pierre Larousse - Raymond Losserand,30
Rome - Provence,30
Saint-Cloud - Hippodrome,30
Carnot - Général Lanrezac,30
Charles Frérot - Albert Guilpin,30
Quai Marcel Boyer - Victor Hugo,29
Invalides - Duroc,29
Jeanne Hornet - Girardot,29
André Maurois - Joseph et Marie Hackin,29
Colonel Pierre Avia,29
Vignerons - Minimes,29
Bridaine - Lamandé,29
François 1er - Montaigne,29
Larmeroux - Baudelaire,29
Solitaires - Place des Fêtes,29
Parc Georges Brassens - Brancion,29
Lallier - Trudaine,29
Vieille du Temple - Francs Bourgeois,29
Chemin de Bretagne,29
Uzès - Montmartre,29
Gergovie - Vercingétorix,29
George Sand - Jean de La Fontaine,29
Arsène Houssaye - Champs-Elysées,29
Saint-Michel - Luxembourg,29
Square Louis XVI,29
Résistance - Hoche,29
Place Georges Guillaumin,29
Anatole France - President Roosevelt,29
Beaujon - Wagram,29
Verdier - République,29
Cours de l'Ile Seguin - Parc Billancourt,29
Blancs-Manteaux - Archives,29
Fille du Calvaire - Turenne,29
Pyrénées - Charles Renouvier,29
Gambetta - Père Lachaise,29
Cevennes - Bergers,29
Crozatier - Faubourg Saint-Antoine,29
Riquet - Marx Dormoy,29
Gare du Nord - Dunkerque,29
Tertres - Fontaine,28
Place du Général de Gaulle,28
Bosquet - Saint-Dominique,28
Etienne Marcel - Montorgueil,28
Verdun - Carnot,28
Wilson - Métallurgie,28
Aqueduc - Villette,28
Poissonniers - Nord,28
Charles de Gaulle - Louis-Philippe,28
Petites Ecuries - Faubourg Saint-Denis,28
Chaussée d'Antin - Haussmann,28
Pré Saint-Gervais - Lilas,28
Wurtz - Tolbiac,28
Raspail - Albert Schweitzer,28
Manufacture Nationale,28
Alfred Roll - Berthier,28
Esplanade du Foncet - Camille Desmoulins,28
Gare de Reuilly - Picpus,28
Jean Jaurès - Paul Lafargue,28
Blanqui - Docteur Bauer,28
Raspail Barbès,28
Censier - Jardin des Plantes,28
Stalingrad - Germaine Tailleferre,28
Jacques Callot - Mazarine,28
Melun - Jean Jaurès,28
Balzac - Olympes de Gouges,28
Lally-Tollendal - Armand Carrel,28
Président Wilson - Baudin,28
Arche - Léonard de Vinci,28
Jean Calvin - Tournefort,28
Village Saint-Paul,28
Batignolles - Abel Truchet,28
Place Jules Ferry,28
Davout - Volga,28
Archives - Pastourelle,28
Béranger - Félix Faure,28
Clef des Champs - Albert Dhalenne,28
Simone Signoret - Paris,28
Guichet - Jean Jaurès,28
Jeûneurs - Mulhouse,28
Gare de la Garenne-Colombes,28
Victor Hugo - Jeanne Jugan,28
Place de la Porte de Champerret,28
Pierret - Madrid,28
Poissonniers - Championnet,28
Bobillot - Moulin des Prés,28
Place Tristan Bernard,28
Edouard Vaillant - Paul-Adolphe Souriau,28
Place de l'Eglise - Vitry-sur-Seine,28
Gare du Nord - Faubourg Saint-Denis,28
Charles de Gaulle - Graviers,28
Mairie du 2ème,28
Danielle Casanova - Ledru-Rollin,28
Boussingault - Tolbiac,28
Bagnolet - Place Saint-Blaise,28
Mairie de Bagnolet,28
Marceau Delorme - Pierre Brossolette,28
Tiron - Rivoli,28
Anatole France - Jean Lolive,28
Gare Saint-Lazare - Isly,27
Marcelin Berthelot,27
Président Wilson - Jean Jaures,27
Marne - Charles de Gaulle,27
Hôtel de Ville de Vincennes,27
Maine - Liancourt,27
Henri Barbusse - Gabriel Péri,27
Capitaine Glarner - Gabriel Péri,27
Mairie du 19ème,27
Roger Salengro - Général de Gaulle,27
Granges aux Belles,27
Commandant Rivière,27
Sèvres-Gallieni,27
Douai - Bruxelles,27
Charonne - Avron,27
Lucien Lanternier - Le Luth,27
Pierre et Marie Curie - Maurice Thorez,27
Sadi Carnot - François Mitterrand,27
Vivaldi - Antoine-Julien Hénard,27
Place du Maréchal de Lattre de Tassigny,27
Mairie du 7ème,27
Edouard Pailleron - Bouret,27
Arago - Glacière,27
Voltaire - Anatole France,27
Edgar Quinet - Gaité,27
Henri Chevreau - Couronnes,27
Place du Colonel Fabien,27
Carducci - Place Hannah Arendt,27
Transvaal - Charles de Gaulle,27
Claude Decaen - Cannebière,27
Saint-Blaise - Mouraud,27
Gare d'Austerlitz - Quai Saint-Bernard,27
Place Aimé Césaire,27
Ventadour - Opéra,27
Quai de l'Aisne - Général Leclerc,27
Saint Lambert - Blomet,27
Porte de la Villette,27
Lavandieres Sainte Opportune - Rivoli,27
Bastille - Quai de la Rapée,27
Lagny - Auguste Blanqui,27
Les Blagis,27
Mairie du 20ème,27
Lebrun - Colonel Fabien,27
Pergolèse - Marbeau,27
Jouffroy d'Abbans - Malesherbes,27
Porte de Saint-Ouen - Henri Huchard,26
Place Du Général De Gaulle,26
Place Léon Gambetta,26
Mahatma Gandhi,26
Portugais - Kléber,26
Place de la Madeleine - Royale,26
Ecole Militaire - Place Joffre,26
Centre Georges Pompidou,26
Stalingrad - Henri Luisette,26
Pyrénées - Ménilmontant,26
Verdun - Adrien Damalix,26
Charles de Gaulle - Orléans,26
Pont Neuf - Rivoli,26
Arthur Auger - Jean Jaurès,26
Georges Pompidou - Verdun,26
Michel-Ange - Parent de Rosan,26
Château - République,26
Stade Pershing,26
Bateliers - Quai de Seine,26
Manin - Simon Bolivar,26
Franciade - Gabriel Péri,26
Gare de Clichy-Levallois,26
Charenton - Prague,26
Vaugirard - Monsieur le Prince,26
Réunion - Avron,26
Courcelles - Pierre Demours,26
Flandre - Alphonse Karr,26
Place Charles Vallin,26
Parc de Belleville - Julien Lacroix,26
Louis Rolland - République,26
Choisy - Tolbiac,26
Point du Jour - Jean Jaurès,26
Saint-Antoine Sévigné,26
Verdun - Pierre et Marie Curie,26
Naples - Rome,26
Général De Gaulle - Alouette,26
Lagny - Victor Basch,26
Charles de Gaulle - Sablonville,26
Gare Arcueil - Cachan,26
Place Paul Delouvrier,26
Hôtel de Ville de Boulogne Billancourt,26
Hôpital Bégin,26
Guynemer - Séverine,26
Arthur Ranc - Hôpital Bichat,26
Hôtel de Ville de Levallois Perret,26
Paul Vaillant-Couturier - Gare RER,26
Carnot - Pâquerettes,26
Charles de Gaulle - Jean Lolive,26
Sabot - Rennes,26
Saint-Germain-des-Prés,26
Séminaire de Conflans - Liberté,26
Verdun - Place Henri IV,26
Reims - Porte d'Asnières,26
Quai de Valmy,26
Auguste Blanqui - Corvisart,26
Cité Vaneau,26
Châteaudun - Place de la Liberté,26
Beffroy,26
Marché Secrétan,26
Lamennais - Washington,26
Italie - Jardin Joan Miro,26
Silly - Galliéni,25
Place Jacques Madaule,25
Placette Grégoire Collas,25
Bineau - Louise Michel,25
Place de Finlande,25
Square Etienne Jarousse,25
Camille Risch - Paul Armangot,25
Mac-Mahon - Brey,25
Poissy - Saint-Germain,25
Romain Rolland,25
Bruant - Vincent Auriol,25
Jules Guesde - Alsace,25
Roger Salengro - Fontainebleau,25
Morice - Général Leclerc,25
Provence - Chaussée d'Antin,25
Raymond Poincaré - Place Victor Hugo,25
Candale - Mehul,25
Ancienne Mairie - André Morizet,25
Pierre Brossolette - 12 Février 1934,25
Douai - Pierre Fontaine,25
Aristide Briand - Place de la Résistance,25
Division Leclerc - Kléber,25
Sambre et Meuse - Villette,25
Gare du Nord - Place de Valenciennes,25
Vanne - Général de Gaulle,25
Montreuil - République,25
Victor Hugo - Bineau,25
18 juin 1940 - Buzenval,25
Gabrielle Josserand - Edouard Vaillant,25
Borrégo - Gambetta,25
Vinaigriers - Magenta,25
Quai de Béthune - Pont de la Tournelle,25
Olivier de Serres - Leriche,25
Place Jean-Baptiste Clément,25
Londres - Place d'Estienne d'Orves,25
Richard Lenoir - Voltaire,25
Parc Floral du Bel Air,25
Cassini - Denfert-Rochereau,25
Victor Hugo - Ecoles,25
Madeleine Michelis - Roule,25
Fédération - Suffren,25
Dôme - République,25
Chanzy - Sud-Est,25
Le Vau - Maurice Bertaux,25
Champs-Elysees - Bassano,25
Félix Ziem - Armand Gauthier,25
Conservatoire de Musique,25
Sibelle - Alésia,25
Abbé Carton - Plantes,25
Square des Saint-Simoniens,25
Arsonval - Falguière,25
Fontenay - Libération,25
Parc de Choisy,25
Thérèse - Opéra,25
Archives - Rivoli,25
Général Leclerc - Bièvre,25
La Jarry - Place Diderot,25
Ney - Porte de Clignancourt,25
Argenson - Château,25
Mairie du Kremlin-Bicêtre,25
Louis Lejeune - Barbès,25
Place Jean Ferrat,25
Place Carnot,25
Square Emile - Chautemps,25
Grande Rue - Europe,25
Choisy - Malmaisons,25
Place de la vache noire,25
Fief - République,25
Westermeyer - Paul Vaillant-Couturier,25
Mazagran - Bonne Nouvelle,25
Thionville - Ourcq,24
Rochechouart lamartine,24
Gare d'Asnières sur Seine,24
Place Charles de Gaulle,24
Théâtre des Amandiers - Palais des sports,24
Quai de la Seine,24
Square Simon Bolivar,24
Mont Valérien - Michel Salles,24
Fontaine du Tertre - Calvaire,24
Place de la Paix - Abbé Saint-Pierre,24
Dunkerque - Rocroy,24
Place des Droits de l'Enfant,24
Magenta - Chabrol,24
Mairie du 9ème,24
Belfort - Victor Hugo,24
Colisée - Champs-Elysées,24
Mairie du 17ème,24
Erasme - Ulm,24
Boulets - Voltaire,24
Orteaux - Mouraud,24
Edouard Pailleron - Simon Bolivar,24
Gare du Nord - Saint-Vincent de Paul,24
Parme - Clichy,24
Rivoli - Musée du Louvre,24
Berthier - Porte de Clichy,24
Alexandre Parodi - Quai de Valmy,24
Vigée-Lebrun - Anselme Payen,24
Bréa - Raspail,24
Victoire - Chaussée d'Antin,24
Niger - Soult,24
Saint-Denis - Université,24
Marcel Pourtout - Édouard Manet,24
Oberkampf - République,24
Eylau - Trocadéro,24
Place Robert Guillemard,24
George V - Christophe Colomb,24
Jean Jaurès - Jules Jacquemin,24
Ney - Porte de Montmartre,24
Cossonnerie - Sébastopol,24
Jean Jaurès - Jean Baptiste Clément,24
Lemercier - Cardinet,24
Square Bela Bartok,24
Gay Lussac - Saint-Jacques,24
Sorbier - Ménilmontant,24
Édouard Vaillant - Place Jean Jaurès,24
Place des Victoires,24
Montreuil - Gonnet,24
Pierre Brossolette - Adolphe Pinard,24
Bons Raisins - Voltaire,24
Parvis Robert Schuman - Roger Salengro,24
Place de l'Europe - Alfortville,24
Gambetta - Saint Fargeau,24
Henri Ste-Claire Déville - Paul Héroult,24
Kléber - Gouverneur Général Eboué,24
Gardenat Lapostol - Franklin Roosevelt,24
Hoche - Jean Lolive,24
Lepic - Armée d'Orient,24
Senard - Charles Blum,24
Jules Guesdes - Général de Gaulle,24
Dareau - Broussais,24
Marc Sangnier - Division Leclerc,24
Cimetière d'Issy-les-Moulineaux,24
Paul Doumer - Stalingrad,24
Pierre Levée - Fontaine Timbaud,23
Pereire - Rennequin,23
Villiers - Batignolles,23
Val-Fleury,23
Ancien Canal - Hélène Brion,23
Véron - Lepic,23
Ranelagh - Mozart,23
Lacépède - Monge,23
Château - Bineau,23
Vitruve - Davout,23
Jules Vallès - Charonne,23
Bobillot - Paulin Mery,23
Eugène Varlin - Place de la Paix,23
Ouest - Château,23
Boyer-Barret - Raymond Losserand,23
Place Falguière,23
Nationale - Marcel Duchamp,23
Legendre - Dulong,23
Saint Georges - d'Aumale,23
Square du Carrefour de l'Insurrection,23
Suffren - La Motte-Piquet,23
Port Royal - Hôpital Cochin,23
Parc des Pierrettes,23
Île de la Jatte,23
Bastille - Beaumarchais,23
Bertrand Sincholle - Henri Barbusse,23
François Ponsard - La Muette,23
Manin - Crimée,23
Charonne - Pierre Bayle,23
Artois - Berri,23
Pontoise - La Tournelle,23
Suffren - Champ de Mars,23
Saint-Benoît - Jacob,23
Petit - Georges Thill,23
Belles Feuilles - Place de Mexico,23
Place Alphonse Deville,23
Halle Freyssinet - Parvis Alan Turing,23
Nationale - Place Jules Guesde,23
Aubervilliers - Curial,23
Saint-Jacques - Tombe Issoire,23
Marché aux fleurs,23
Frères Flavien - Porte des Lilas,23
Guy Môquet - Etienne Dolet,23
Pont de Lodi - Dauphine,23
Londres - Amsterdam,23
Jardin de l'Hospice Debrousse,23
Silly - Louis Blériot,23
Porte Pouchet-Bessières,23
Roquette - Thiéré,23
Place Edmond Michelet,23
Victoria - Place du Chatelet,22
Lourmel - Marie Skobtsov,22
Place de la Fraternité,22
Jean Lolive - Parc Stalingrad,22
Danton - Serpente,22
Ranelagh - Maison de la Radio,22
Godot de Mauroy - Madeleine,22
Gare RER les Grésillons,22
Moulin de la Pointe,22
Victor Hugo - Gare,22
Dominique Pado - Croix Nivert,22
Noisy le Sec - Jean-Baptiste Clément,22
Sarrette - Général Leclerc,22
Square Desnouettes,22
Jardin Marguerite Long,22
Las Cases - Bourgogne,22
Marne - Germain Dardan,22
Petit - Manin,22
Marx Dormoy - Château Sainte-Barbe,22
Place Nelson Mandela,22
Louis Lumière.,22
Chausson - Gabriel Péri,22
Traktir - Foch,22
Place Balard,22
Bayen - Pereire,22
Basilique,22
Hameau Fleuri - Marché,22
Championnet.,22
Paganini - Davout,22
Rond-point du Dr Albert Schweitzer,22
Aristide Briand - Gare de Bagneux,22
Georges V - François 1er,22
Haies - Réunion,22
Didot - Place de Moro-Giafferi,22
Saint-Honoré - Musée du Louvre,22
Vincent Auriol - Louise Weiss,22
Billancourt - Général Leclerc,22
Place Centrale,22
Paris - Laitières,22
Place du 14 Juillet,22
Nungesser - Santé,22
Mairie de La Garenne Colombes,22
Charles de Gaulle - Madrid,22
Jean-François Lépine - Stephenson,22
Palais des Sports,22
Simon Bolivar - Henri Turot,22
David Weill - Parc Montsouris,22
Maurice Payret-Dortail,22
Alouettes - Maréchal de Lattre de Tassigny,22
Général De Gaulle - Vivien,22
Caumartin - Provence,22
Milton - Manuel,22
Youri Gagarine - Karl Marx,22
Pesaro - Préfecture,22
Jourdain - Place des Grandes Rigoles,22
Madame de Sanzillon - Mozart,22
Fort d'Aubervilliers,22
Emile Reynaud - Porte de la Villette,22
Jean-Jacques Rousseau - Deux Ecus,22
Camille Groult - Guy Môquet,22
Delizy - Louis Nadot,22
Place Saint-Just,22
Vignes - Boulainvilliers,21
Toudouze - Clauzel,21
Place Pasdeloup,21
Alger - Rivoli,21
Chevaleret - Tolbiac,21
Pierre Grenier - Pont de Billancourt,21
Place de la Montagne du Goulet,21
Flandre - Riquet,21
Haxo - Surmelin,21
Stade Auguste Delaune,21
Vaugirard - Pasteur,21
Brillat-Savarin - Küss,21
Benjamin Delessert - Jean Lolive,21
Louis Blanc - La Chapelle,21
Square Montholon,21
Belleville -  Pré Saint-Gervais,21
Le Brix et Mesmin - Jourdan,21
Piat - Parc de Belleville,21
Bargue -  Dutot,21
Aboukir - Alexandrie,21
Octave Feuillet - Albéric Magnard,21
Eglise d'Auteuil,21
Marché Saint-Germain,21
Diderot - Pierre Bourdan,21
Saint-Marcel - Hôpital,21
Jean Oestreicher - Porte de Champerret,21
Hôtel de Ville de Champigny sur Marne,21
Place Pigalle,21
Les Juilliottes,21
Quai aux Fleurs - Pont Saint-Louis,21
Place Monge,21
Boissière - Etienne Dolet,21
Botzaris - Crimée,21
Marcadet - Ramey,21
Saint-Sulpice,21
Marc Sangnier - Porte de Vanves,21
Italie - Tolbiac,21
Daumesnil - Picpus,21
Pyrénées - Cours de Vincennes,21
Jean-Baptiste Charcot - Sainte-Geneviève,21
Coquillière - Louvre,21
Marceau - Chaillot,21
Gérando - Rochechouart,21
Gabriel Péri - Danielle Casanova,20
Hôtel de ville de Fontenay-sous-Bois,20
Kléber - National,20
Gare des Vallées,20
Duhamel - André Gide,20
Square du Bataclan,20
Boulangers - Cardinal Lemoine,20
Botzaris - Parc des Buttes Chaumont,20
Francoeur - Marcadet,20
Eugène Reisz - Davout,20
Square des Epinettes,20
Marcelle - Thalie,20
Square Gilbert Thomain,20
Mairie de quartier du Plateau - Mont-Valérien,20
Gare RER - Malleret-Joinville,20
Théâtre de La Garenne,20
Stalingrad - Rigollots,20
Dunkerque - Alsace,20
Joffre - Aigle,20
Pyrénées - Dagorno,20
Saint-Jacques - Val de Grâce,20
Nanterre - Université,20
Lassus - Delouvain,20
Clichy - Place Blanche,20
Gare du Stade,20
Gardenat-Lapostol - Velettes,20
Phalsbourg - Villiers,20
Champs de Manoeuvre - Cartoucherie,20
Hôtel de Ville de Rueil-Malmaison,20
Jean Moulin - Paul Doumer,20
Manin - Carrières d'Amérique,20
Lieutenant Chauré - Etienne Marey,20
Athènes - Clichy,20
Geoffroy - Marie,20
Jardins d'Eole,20
Gare de Bellevue,20
Square Victor Basch,20
Manin - Secrétan,20
Maxime Gorki - Paul Vaillant-Couturier,20
Liberté - Vert-de-Maisons,20
Neuve Saint-Pierre - Beautreillis,20
Demi-Lune - Aristide Briand,20
Halles - Bourdonnais,20
Condorcet - Turgot,20
Goutte d'or - Barbès,20
Hôtel de Ville de Chaville,20
Saint-Honoré - 29 juillet,20
Guillaume Tell - Parc Henri Barbusse,20
République - Danton,20
Poulet - Barbès,20
Beaux-Arts - Bonaparte,20
Chemin Vert - Fraternité,20
Villiers de l'Isle Adam - Pyrénées,20
Parc Eli Lotar,20
Maxime Gorki - Louis Aragon,20
Charentonneau - Maisons Alfort,20
Gambetta - Tourelles,20
Ivry - Baudricourt,20
Charonne - Robert et Sonia Delauney,20
Gare du Nord - Denain,20
Docteurs Déjérine - Pte de Montreuil,20
Vanne - Saussaies,20
Maréchal Joffre - Verdun,20
Rochechouart - Martyrs,20
Danielle Casanova - Opéra,20
Place Eustache Deschamps,20
Fessart - Château,20
Mûriers - Père Lachaise,20
Place du 17 Octobre,20
Château - République,20
Victoire - Laffitte,20
Place Denfert-Rochereau,20
Louis Lumière - Porte de Bagnolet,20
Ney - Charles Hermite,20
Jean Jaurès - Ouvrières Pivéreuses,20
Averroès - Aimé Césaire,19
Place André Malraux,19
Place de la République - Voltaire,19
Cujas - Saint-Michel,19
Ménilmontant - Pelleport,19
Clignancourt - Sofia,19
Colonel Monteil - Brune,19
Cadet - La Fayette,19
Lorraine - Jean Jaurès,19
Seine - Flandre,19
Tanger - Place du Maroc,19
Jules Guesde - Laennec,19
Pasteur - Gambetta,19
Lauriston - Copernic,19
Lecourbe - Jean Maridor,19
Génie - Mozart,19
Reynaldo Hahn - Lagny,19
Convention - Saint-Charles,19
Buisson Saint-Louis - Saint-Maur,19
Place Paul Eluard,19
Notre-Dame-des-Champs - Stanislas,19
Saint-Jacques - Soufflot,19
Boyer - Ménilmontant,19
Departement - Pajol,19
Temple - Haudriettes,19
Léon Frot - Charonne,19
Ségur - d'Estrées,19
Pyrénées - Maraîchers,19
Mairie du 10ème,19
Réaumur - Montmartre,19
Pierre Joseph Desault,19
Carpeaux - Place Jacques Froment,19
Jean Bologne - Passy,19
Saint-Bon - Rivoli,19
Michelet - Assas,18
Place Nationale - Château-des-Rentiers,18
Saint-Germain - Ciseaux,18
Port-Royal - Hôpital du Val-de-Grâce,18
Place de la République - Temple,18
Victor Massé - Jean-Baptiste Pigalle,18
Gabriel Péri - Francisco Ferrer,18
Joseph Sansboeuf - Saint Lazare,18
Gare de Chaville Rive Gauche,18
Parc Monceau,18
Damrémont - Caulaincourt,18
Oratoire - Rivoli,18
Flandrin - Henri Martin,18
Mstislav Rostropovitch - Berthier,18
Cité Riverin - Château d'Eau,18
Pont De Charenton,18
Charenton - Diderot,18
Lavoisier - Missak Manouchian,18
Raspail - Varenne,18
Tardieu - Chappe,18
Serrurier,18
Pierre et Marie Curie - Julien Grimau,18
Saint-Gilles - Turenne,18
Sèvres - Maréchal Juin,18
Beaumarchais - Pas de la Mule,18
Ivry - Simone Weil,18
Gare du Nord - La Chapelle,18
Honoré d'Estienne d'Ovres - Grilles,18
Choron - Martyrs,17
Institut de France,17
Thouin - Cardinal Lemoine,17
Liège - Moscou,17
Récollets - Square Villemin,17
Daunou - Louis le Grand,17
Quai de l'Horloge - Pont Neuf,17
Saint-Romain - Cherche-Midi,17
Ambroise Rendu - Porte Brunet,17
Square Pierre Lazareff,17
Rampal - Belleville,17
Bellefond - Poissonnière,17
Saint-Didier - Raymond Poincaré,17
Place de Rhin et Danube,17
Buzenval - Vignoles,17
Galilée - Vernet,17
Moncey - Blanche,17
Tour d'Auvergne - Rodier,17
Maine - Antoine Bourdelle,17
Beaubourg - Michel-le-Comte,17
Hauteville - Bonne Nouvelle,17
Bibliothèque Nationale - Richelieu,17
Bourse du Travail,17
Geoffroy-Saint-Hilaire - Saint-Marcel,17
Place de l'Europe - Quai de Bercy,17
Claude Bernard - Arbalète,17
Jean-Baptiste Pigalle - La Bruyere,17
Favart - Italiens,17
Mairie de Romainville,17
Petites Ecuries - Faubourg Poissonnière,17
Commandant l'Herminier - Gallieni,17
Jules Guesdes - Carnot,16
Henri Barbusse - Stalingrad,16
Général Martial Valin - Pont du Garigliano,16
Quai de la Loire - Jean Jaurès,16
Siam - La Pompe,16
Estrapade - Ulm,16
Argenteuil - Voltaire,16
Roquette - Auguste Laurent,16
Enghien - Faubourg Poissonnière,16
Karl Marx.,16
Montgallet - Reuilly,16
Henry Farman,16
Villersexel - Saint-Germain,16
Lacuée - Lyon,16
Montgallet - Charenton,16
Dunkerque - Trudaine,16
Turbigo - Française,16
Sebastopol - Rambuteau,16
Neuilly - Petit,16
Pierre Ginier - Clichy,16
Méchain - Faubourg Saint-Jacques,16
Hôpital - Campo-Formio,16
Montmartre - Etienne Marcel,16
Strasbourg - Saint-Denis,16
Les Planètes,16
Porte de Ménilmontant,15
Bassano -  Iéna,15
Jemmapes - Ecluses Saint-Martin,15
Pelleport - Belgrand,15
Batignolles - Rome,15
Marché Saint-Quentin,15
Square de la rue Pixérécourt,15
Gare de l'Est - Fidélité,15
Clapeyron - Moscou,15
Cimetière de Fontenay-sous-Bois,15
Place de Passy,15
Mornay - Sully,15
Chevreuse - Montparnasse,15
Mazagran - Pierre de Coubertin,15
Quai des Célestins - Henri IV,14
Abbeville - Faubourg Poissonnière,14
Gare d'Austerlitz,14
Gare de l'Est - Verdun,14
Place de l'Hôtel de Ville,14
Liard - Amiral Mouchez,14
Boudreau - Auber,14
Gare de Clamart,14
Mairie du 8ème,14
Léon - Doudeauville,13
Porte d'Italie,13
Square des Amandiers,12
Desaix - Edgar Faure,12
Place des Abbesses,12
Pyrénées - Plaine,12
Messine - Place Du Pérou,12
Abbé Groult - Convention,12
Brancion - Lefebvre,11
Chabrol - d'Hauteville,11
Toffier Decaux - Cartier Bresson,7
Romainville - Vaillant-couturier,0
Chateaubriand - Friedland,0
Martyrs de Châteaubriant - Jean Grandel,0
Roland Garros - Jean Bouin,0
Bourdon - Pont Morland,0
Université Paris Dauphine,0
Gare RER - Général de Gaulle,0
